City_ID,City,Country,Date,Lat,Lng,Max Temp,Humidity,Cloudiness,Wind Speed,Current Description
0,Kananga,CD,2022-09-23 15:33:24,-5.8958,22.4178,83.35,49,100,2.89,overcast clouds
1,Enterprise,US,2022-09-23 15:33:25,36.0252,-115.2419,80.73,18,20,5.75,few clouds
2,Saint-Augustin,CA,2022-09-23 15:33:25,51.226,-58.6502,61.09,94,100,23.35,overcast clouds
3,Baherden,TM,2022-09-23 15:33:25,38.4362,57.4316,86.83,13,0,6.6,clear sky
4,San Borja,BO,2022-09-23 15:33:26,-14.8167,-66.85,72.43,46,100,4.36,overcast clouds
5,Bar-Le-Duc,FR,2022-09-23 15:33:26,48.75,5.1667,64.78,50,100,3.53,overcast clouds
6,Busselton,AU,2022-09-23 15:33:26,-33.65,115.3333,55.85,87,93,12.46,overcast clouds
7,Ushuaia,AR,2022-09-23 15:31:43,-54.8,-68.3,53.26,35,0,10.36,clear sky
8,Palu,ID,2022-09-23 15:33:27,-0.8917,119.8707,75.18,97,63,2.17,broken clouds
9,Agua Prieta,MX,2022-09-23 15:33:27,31.3,-109.5667,77.38,58,32,1.74,scattered clouds
10,Taoudenni,ML,2022-09-23 15:33:28,22.6783,-3.9836,108.12,13,17,0.98,few clouds
11,Rikitea,PF,2022-09-23 15:33:28,-23.1203,-134.9692,71.1,74,11,9.66,few clouds
12,Chokurdakh,RU,2022-09-23 15:33:29,70.6333,147.9167,33.91,82,100,3.38,overcast clouds
13,Ust-Kuyga,RU,2022-09-23 15:33:29,70.0167,135.6,24.78,93,77,3.49,broken clouds
14,Caravelas,BR,2022-09-23 15:33:29,-17.7125,-39.2481,88.48,54,29,13.35,scattered clouds
15,Boa Viagem,BR,2022-09-23 15:33:29,-5.1275,-39.7322,97.25,25,0,7.29,clear sky
16,Bulnes,CL,2022-09-23 15:33:30,-36.7423,-72.2985,59.76,58,100,5.41,overcast clouds
17,Saint-Philippe,RE,2022-09-23 15:33:30,-21.3585,55.7679,72.99,83,42,14.61,light rain
18,Saldanha,ZA,2022-09-23 15:33:30,-33.0117,17.9442,59.05,56,100,16.71,overcast clouds
19,Atuona,PF,2022-09-23 15:33:31,-9.8,-139.0333,75.43,81,44,15.5,light rain
20,Avarua,CK,2022-09-23 15:33:31,-21.2078,-159.775,73.45,64,40,9.22,scattered clouds
21,Aswan,EG,2022-09-23 15:33:31,24.0934,32.907,96.51,10,0,7.16,clear sky
22,Mataura,NZ,2022-09-23 15:33:32,-46.1927,168.8643,49.48,99,62,0.78,broken clouds
23,Saint-Jean-De-La-Ruelle,FR,2022-09-23 15:33:32,47.9113,1.8648,71.02,41,0,4.61,clear sky
24,Codrington,AU,2022-09-23 15:33:32,-38.2667,141.9667,49.87,65,94,15.57,overcast clouds
25,Albany,US,2022-09-23 15:28:54,42.6001,-73.9662,53.94,60,11,1.99,few clouds
26,Airai,TL,2022-09-23 15:33:33,-8.9266,125.4092,60.62,64,94,2.66,overcast clouds
27,Sungaipenuh,ID,2022-09-23 15:33:33,-2.0833,101.3833,65.35,97,97,1.03,overcast clouds
28,Puerto Ayora,EC,2022-09-23 15:33:33,-0.7393,-90.3518,66.54,97,99,5.01,overcast clouds
29,Jamestown,US,2022-09-23 15:33:34,42.097,-79.2353,52.02,54,100,13.8,overcast clouds
30,Fare,PF,2022-09-23 15:33:34,-16.7,-151.0167,77.13,77,26,21.74,light rain
31,Bluff,NZ,2022-09-23 15:33:34,-46.6,168.3333,49.8,86,89,8.25,overcast clouds
32,New Norfolk,AU,2022-09-23 15:33:35,-42.7826,147.0587,49.5,85,100,3.0,overcast clouds
33,Hilo,US,2022-09-23 15:30:44,19.7297,-155.09,76.62,81,0,6.91,clear sky
34,Tahoua,NE,2022-09-23 15:33:35,14.8888,5.2692,96.78,34,20,6.91,few clouds
35,Qaanaaq,GL,2022-09-23 15:33:35,77.484,-69.3632,21.81,83,92,7.14,overcast clouds
36,Kapaa,US,2022-09-23 15:33:36,22.0752,-159.319,75.18,94,20,4.61,few clouds
37,Brae,GB,2022-09-23 15:33:36,60.3964,-1.353,53.51,76,13,8.59,few clouds
38,Itarema,BR,2022-09-23 15:33:36,-2.9248,-39.9167,89.19,51,50,15.03,scattered clouds
39,Upernavik,GL,2022-09-23 15:33:37,72.7868,-56.1549,28.04,69,39,11.95,scattered clouds
40,Borogontsy,RU,2022-09-23 15:33:37,62.6683,131.1683,27.77,87,81,8.37,broken clouds
41,Seoul,KR,2022-09-23 15:31:09,37.5683,126.9778,62.04,75,0,4.61,clear sky
42,Berlevag,NO,2022-09-23 15:33:39,70.8578,29.0864,50.0,76,100,5.75,overcast clouds
43,Hermanus,ZA,2022-09-23 15:33:39,-34.4187,19.2345,58.8,56,100,11.99,overcast clouds
44,Vaini,TO,2022-09-23 15:33:39,-21.2,-175.2,75.36,94,75,9.22,broken clouds
45,Nikolskoye,RU,2022-09-23 15:34:40,59.7035,30.7861,53.49,90,24,4.88,few clouds
46,Faya,SA,2022-09-23 15:34:40,18.3851,42.4509,77.11,50,84,1.14,broken clouds
47,Beisfjord,NO,2022-09-23 15:34:41,68.3751,17.5988,53.65,90,100,2.91,overcast clouds
48,Yellowknife,CA,2022-09-23 15:31:39,62.456,-114.3525,52.32,62,20,9.22,few clouds
49,Mabaruma,GY,2022-09-23 15:34:41,8.2,-59.7833,92.28,49,98,5.5,overcast clouds
50,Bredasdorp,ZA,2022-09-23 15:34:41,-34.5322,20.0403,56.35,48,100,9.33,overcast clouds
51,Kodiak,US,2022-09-23 15:34:42,57.79,-152.4072,51.31,66,20,10.36,few clouds
52,Kirando,TZ,2022-09-23 15:34:42,-7.4167,30.6,81.93,45,65,2.86,broken clouds
53,Punta Arenas,CL,2022-09-23 15:34:42,-53.15,-70.9167,48.31,57,75,13.8,broken clouds
54,Severo-Kurilsk,RU,2022-09-23 15:34:42,50.6789,156.125,50.22,74,99,4.79,overcast clouds
55,Chesham,GB,2022-09-23 15:34:43,51.7,-0.6,66.78,69,100,7.0,overcast clouds
56,Bengkulu,ID,2022-09-23 15:34:43,-3.8004,102.2655,74.46,90,99,3.87,overcast clouds
57,Krasnoselkup,RU,2022-09-23 15:34:43,65.7,82.4667,34.0,93,90,10.67,overcast clouds
58,Cape Town,ZA,2022-09-23 15:31:28,-33.9258,18.4232,61.09,50,20,12.66,few clouds
59,Nueva Armenia,HN,2022-09-23 15:34:44,15.7956,-86.4985,84.38,58,76,2.95,broken clouds
60,Adrar,MR,2022-09-23 15:34:44,20.5022,-10.0711,100.69,21,16,10.6,few clouds
61,Bethel,US,2022-09-23 15:34:44,41.3712,-73.414,57.72,58,20,13.0,few clouds
62,Pevek,RU,2022-09-23 15:34:45,69.7008,170.3133,32.77,90,17,14.9,few clouds
63,Pullman,US,2022-09-23 15:30:21,46.7313,-117.1796,51.91,86,0,8.01,clear sky
64,Mount Gambier,AU,2022-09-23 15:34:45,-37.8333,140.7667,43.02,84,37,6.38,scattered clouds
65,Ribeira Grande,PT,2022-09-23 15:34:46,38.5167,-28.7,75.6,83,75,26.46,broken clouds
66,Torbay,CA,2022-09-23 15:34:46,47.6666,-52.7314,69.17,82,75,17.27,broken clouds
67,Lorengau,PG,2022-09-23 15:34:46,-2.0226,147.2712,80.92,74,64,3.24,broken clouds
68,Russkaya Polyana,UA,2022-09-23 15:34:47,49.417,31.9201,50.49,82,82,9.75,light rain
69,Tendo,JP,2022-09-23 15:31:32,38.3536,140.3697,71.64,99,100,2.04,moderate rain
70,Bridgetown,BB,2022-09-23 15:30:49,13.1,-59.6167,86.49,70,40,11.5,scattered clouds
71,Cabo San Lucas,MX,2022-09-23 15:30:03,22.8909,-109.9124,86.5,80,0,0.0,clear sky
72,Tuktoyaktuk,CA,2022-09-23 15:34:47,69.4541,-133.0374,35.6,93,100,14.97,overcast clouds
73,Ponta Do Sol,PT,2022-09-23 15:34:48,32.6667,-17.1,79.43,70,31,4.36,scattered clouds
74,Pontianak,ID,2022-09-23 15:34:48,-0.0333,109.3333,76.98,88,40,2.3,scattered clouds
75,Kabompo,ZM,2022-09-23 15:34:48,-13.5927,24.2008,91.4,13,12,7.56,few clouds
76,Hobart,AU,2022-09-23 15:32:33,-42.8794,147.3294,49.86,89,100,21.85,overcast clouds
77,Victoria,HK,2022-09-23 15:34:31,22.2855,114.1577,82.18,88,29,21.0,light rain
78,Bubaque,GW,2022-09-23 15:34:49,11.2833,-15.8333,81.73,77,31,14.65,scattered clouds
79,Carnarvon,AU,2022-09-23 15:34:49,-24.8667,113.6333,65.97,73,0,21.45,clear sky
80,Cockburn Town,TC,2022-09-23 15:32:20,21.4612,-71.1419,82.99,75,66,5.55,broken clouds
81,Saint George,US,2022-09-23 15:34:50,37.1041,-113.5841,71.44,36,0,3.44,clear sky
82,Portland,US,2022-09-23 15:32:25,45.5234,-122.6762,58.15,89,20,4.61,few clouds
83,Port Moresby,PG,2022-09-23 15:32:09,-9.4431,147.1797,72.82,94,40,3.44,scattered clouds
84,Ixtapa,MX,2022-09-23 15:34:50,20.7,-105.2,85.23,83,20,2.3,few clouds
85,Port Alfred,ZA,2022-09-23 15:34:51,-33.5906,26.891,62.19,78,74,1.01,broken clouds
86,Leningradskiy,RU,2022-09-23 15:34:51,69.3833,178.4167,34.9,95,100,9.78,light snow
87,Neryungri,RU,2022-09-23 15:34:51,56.6709,124.6491,39.99,84,83,9.33,broken clouds
88,Cherskiy,RU,2022-09-23 15:34:52,68.75,161.3,32.65,85,19,9.22,few clouds
89,Huarmey,PE,2022-09-23 15:34:52,-10.0681,-78.1522,66.72,72,35,10.6,scattered clouds
90,Sept-Iles,CA,2022-09-23 15:31:12,50.2001,-66.3821,55.92,65,75,17.27,broken clouds
91,Arinos,BR,2022-09-23 15:35:52,-15.9169,-46.1056,92.03,38,84,4.21,broken clouds
92,Srednekolymsk,RU,2022-09-23 15:35:53,67.45,153.6833,33.48,99,99,6.46,overcast clouds
93,Dingle,PH,2022-09-23 15:35:53,10.9995,122.6711,74.97,91,100,3.58,overcast clouds
94,Pokhara,NP,2022-09-23 15:33:38,28.2333,83.9833,70.74,90,66,3.51,broken clouds
95,Necochea,AR,2022-09-23 15:35:53,-38.5473,-58.7368,60.04,52,7,5.12,clear sky
96,Khatanga,RU,2022-09-23 15:35:54,71.9667,102.5,23.0,92,95,8.61,overcast clouds
97,Carballo,ES,2022-09-23 15:35:54,43.213,-8.691,72.91,73,30,6.8,scattered clouds
98,San Carlos De Bariloche,AR,2022-09-23 15:35:54,-41.1456,-71.3082,47.95,66,40,19.57,scattered clouds
99,Yamada,JP,2022-09-23 15:35:56,39.4667,141.95,72.09,99,100,10.22,moderate rain
100,Marsh Harbour,BS,2022-09-23 15:35:57,26.5412,-77.0636,83.98,70,0,11.59,clear sky
101,Nicoya,CR,2022-09-23 15:35:57,10.1483,-85.452,84.07,72,87,0.31,overcast clouds
102,Mar Del Plata,AR,2022-09-23 15:35:11,-38.0023,-57.5575,57.22,79,20,8.05,few clouds
103,Rocha,UY,2022-09-23 15:35:58,-34.4833,-54.3333,60.98,41,0,8.72,clear sky
104,Hithadhoo,MV,2022-09-23 15:35:58,-0.6,73.0833,82.78,72,85,5.91,overcast clouds
105,Grand Gaube,MU,2022-09-23 15:35:58,-20.0064,57.6608,72.37,69,1,8.01,clear sky
106,Okhotsk,RU,2022-09-23 15:35:59,59.3833,143.3,37.51,59,71,7.07,broken clouds
107,Hofn,IS,2022-09-23 15:35:59,64.2539,-15.2082,51.82,76,0,8.05,clear sky
108,Shwebo,MM,2022-09-23 15:36:00,22.5667,95.7,81.54,76,99,4.72,overcast clouds
109,Egvekinot,RU,2022-09-23 15:36:00,66.3167,-179.1667,33.15,87,100,13.42,overcast clouds
110,East London,ZA,2022-09-23 15:36:00,-33.0153,27.9116,61.74,82,40,11.5,scattered clouds
111,Kushmurun,KZ,2022-09-23 15:36:00,52.4503,64.6311,72.5,37,9,7.38,clear sky
112,Nushki,PK,2022-09-23 15:36:02,29.5542,66.0215,83.21,9,0,3.76,clear sky
113,Macapa,BR,2022-09-23 15:36:02,0.0389,-51.0664,91.38,55,40,9.22,scattered clouds
114,Avera,US,2022-09-23 15:36:02,33.194,-82.5271,69.55,27,3,11.59,clear sky
115,Balakhninskiy,RU,2022-09-23 15:36:03,58.0106,114.2769,35.94,87,79,8.93,broken clouds
116,Hayrabolu,TR,2022-09-23 15:36:03,41.2131,27.1069,64.83,36,59,6.15,broken clouds
117,Tahta,EG,2022-09-23 15:36:04,26.7693,31.5021,97.81,16,0,8.99,clear sky
118,Aklavik,CA,2022-09-23 15:36:04,68.2191,-135.0107,35.6,93,100,8.05,light intensity drizzle
119,Bambous Virieux,MU,2022-09-23 15:36:04,-20.3428,57.7575,72.21,78,75,17.27,light rain
120,Komsomolskiy,UZ,2022-09-23 15:36:05,40.4272,71.7189,74.12,31,0,2.3,clear sky
121,Bandarbeyla,SO,2022-09-23 15:36:06,9.4942,50.8122,78.03,85,42,24.92,scattered clouds
122,Laguna,US,2022-09-23 15:36:07,38.421,-121.4238,71.29,74,0,3.44,clear sky
123,Marawi,PH,2022-09-23 15:36:08,7.9986,124.2928,69.44,94,100,0.56,overcast clouds
124,Kirksville,US,2022-09-23 15:33:45,40.1948,-92.5833,55.35,78,100,11.5,overcast clouds
125,Teguldet,RU,2022-09-23 15:36:09,57.3064,88.1667,41.32,71,7,7.43,clear sky
126,Butaritari,KI,2022-09-23 15:36:09,3.0707,172.7902,81.45,70,100,13.65,overcast clouds
127,Batticaloa,LK,2022-09-23 15:36:09,7.7102,81.6924,82.74,72,32,7.14,scattered clouds
128,Esperance,AU,2022-09-23 15:36:10,-33.8667,121.9,60.1,58,87,13.6,overcast clouds
129,Longyearbyen,SJ,2022-09-23 15:36:11,78.2186,15.6401,44.44,76,75,16.11,light rain
130,Quatre Cocos,MU,2022-09-23 15:36:11,-20.2078,57.7625,72.09,80,13,18.25,light rain
131,Lebu,CL,2022-09-23 15:36:12,-37.6167,-73.65,54.77,79,58,13.89,broken clouds
132,Marrakesh,MA,2022-09-23 15:36:12,31.6315,-8.0083,89.67,40,20,6.91,few clouds
133,Mount Pleasant,US,2022-09-23 15:32:53,32.7941,-79.8626,72.99,48,0,10.36,clear sky
134,Arraial Do Cabo,BR,2022-09-23 15:36:12,-22.9661,-42.0278,75.16,73,0,23.02,clear sky
135,Ucluelet,CA,2022-09-23 15:36:13,48.9329,-125.5528,58.08,90,100,7.45,overcast clouds
136,Yarmouth,US,2022-09-23 15:37:13,41.7057,-70.2286,58.64,69,100,14.97,overcast clouds
137,Barrow,US,2022-09-23 15:37:10,71.2906,-156.7887,32.02,80,100,14.97,overcast clouds
138,Ilulissat,GL,2022-09-23 15:37:15,69.2167,-51.1,33.82,93,75,2.3,light rain
139,Kenai,US,2022-09-23 15:33:12,60.5544,-151.2583,44.69,96,100,3.44,overcast clouds
140,Tasiilaq,GL,2022-09-23 15:37:16,65.6145,-37.6368,44.76,69,85,4.92,overcast clouds
141,Saint Anthony,US,2022-09-23 15:37:16,45.0205,-93.218,55.83,79,100,11.5,moderate rain
142,Petropavlovsk-Kamchatskiy,RU,2022-09-23 15:37:16,53.0452,158.6483,37.99,87,0,4.47,clear sky
143,Waling,NP,2022-09-23 15:37:17,27.9833,83.7667,70.93,95,56,1.21,broken clouds
144,Opuwo,NA,2022-09-23 15:37:17,-18.0607,13.84,89.83,10,0,9.1,clear sky
145,Camapua,BR,2022-09-23 15:37:17,-19.5314,-54.0439,78.08,22,76,8.19,broken clouds
146,Tiksi,RU,2022-09-23 15:37:18,71.6872,128.8694,20.73,92,99,3.49,overcast clouds
147,Mahebourg,MU,2022-09-23 15:37:18,-20.4081,57.7,72.25,78,75,17.27,broken clouds
148,Georgetown,MY,2022-09-23 15:34:27,5.4112,100.3354,79.9,93,20,3.44,light rain
149,Vardo,NO,2022-09-23 15:37:18,70.3705,31.1107,49.98,87,100,19.57,overcast clouds
150,Hirado,JP,2022-09-23 15:37:19,33.3597,129.5531,67.39,72,100,14.94,overcast clouds
151,Phan Thiet,VN,2022-09-23 15:37:19,10.9333,108.1,78.42,84,100,4.43,overcast clouds
152,Port Elizabeth,ZA,2022-09-23 15:37:20,-33.918,25.5701,61.32,64,0,12.66,clear sky
153,Antu,IN,2022-09-23 15:37:20,26.05,81.9167,78.62,88,98,5.77,overcast clouds
154,Clyde River,CA,2022-09-23 15:37:20,70.4692,-68.5914,28.63,74,100,14.97,overcast clouds
155,Oussouye,SN,2022-09-23 15:37:21,12.485,-16.5469,91.58,65,52,11.86,broken clouds
156,Toppenish,US,2022-09-23 15:37:21,46.3774,-120.3087,62.87,46,10,2.26,clear sky
157,Coos Bay,US,2022-09-23 15:33:30,43.3665,-124.2179,57.92,99,100,0.0,fog
158,Puerto Del Rosario,ES,2022-09-23 15:37:21,28.5004,-13.8627,80.35,65,20,17.27,few clouds
159,Provideniya,RU,2022-09-23 15:37:22,64.3833,-173.3,41.22,91,95,10.63,overcast clouds
160,Port Lincoln,AU,2022-09-23 15:33:36,-34.7333,135.8667,50.58,69,26,10.85,scattered clouds
161,Ca Mau,VN,2022-09-23 15:37:22,9.1769,105.15,77.99,90,97,3.94,overcast clouds
162,Tabou,CI,2022-09-23 15:37:22,4.423,-7.3528,78.53,82,97,8.66,light rain
163,Svetlogorsk,BY,2022-09-23 15:37:23,52.6333,29.7333,49.19,85,100,5.19,overcast clouds
164,Razole,IN,2022-09-23 15:37:23,16.4833,81.8333,76.66,92,28,4.52,scattered clouds
165,Tubuala,PA,2022-09-23 15:37:23,9.5167,-79.0333,83.01,74,58,5.53,broken clouds
166,Geraldton,AU,2022-09-23 15:37:24,-28.7667,114.6,50.41,93,40,3.44,scattered clouds
167,Zyryanka,RU,2022-09-23 15:37:24,65.75,150.85,32.83,98,100,9.75,light snow
168,Bridlington,GB,2022-09-23 15:37:24,54.0831,-0.1919,62.53,70,2,11.48,clear sky
169,Pitimbu,BR,2022-09-23 15:37:25,-7.4706,-34.8086,86.59,68,61,10.11,broken clouds
170,Waingapu,ID,2022-09-23 15:37:25,-9.6567,120.2641,78.69,82,60,4.5,broken clouds
171,The Valley,AI,2022-09-23 15:37:25,18.217,-63.0578,87.66,74,20,12.66,few clouds
172,Nanortalik,GL,2022-09-23 15:37:26,60.1432,-45.2371,48.06,97,100,13.6,moderate rain
173,Isangel,VU,2022-09-23 15:34:10,-19.55,169.2667,74.17,90,18,5.39,few clouds
174,Manacapuru,BR,2022-09-23 15:37:27,-3.2997,-60.6206,93.02,43,15,1.36,few clouds
175,Halifax,CA,2022-09-23 15:37:08,44.6453,-63.5724,58.21,96,100,8.05,moderate rain
176,Iqaluit,CA,2022-09-23 15:37:27,63.7506,-68.5145,35.33,51,20,10.36,few clouds
177,Dikson,RU,2022-09-23 15:37:28,73.5069,80.5464,32.99,73,51,22.3,broken clouds
178,Castro,BR,2022-09-23 15:37:28,-24.7911,-50.0119,57.25,52,0,10.74,clear sky
179,Mitu,CO,2022-09-23 15:37:29,1.1983,-70.1733,94.03,43,13,2.46,few clouds
180,Milton,US,2022-09-23 15:34:37,34.1322,-84.3007,73.94,53,4,1.01,clear sky
181,Bukachacha,RU,2022-09-23 15:37:30,52.9833,116.9167,45.95,89,100,2.04,overcast clouds
182,Khao Yoi,TH,2022-09-23 15:38:31,13.2403,99.8243,76.91,85,100,1.72,light rain
183,Taki,IN,2022-09-23 15:38:32,22.5861,88.9214,84.15,90,63,7.14,broken clouds
184,Medicine Hat,CA,2022-09-23 15:38:32,50.0501,-110.6683,53.22,79,20,8.05,few clouds
185,Katsuura,JP,2022-09-23 15:38:35,35.1333,140.3,78.26,89,100,19.22,overcast clouds
186,Charters Towers,AU,2022-09-23 15:38:35,-20.1,146.2667,66.51,41,0,5.32,clear sky
187,Chernyshevskiy,RU,2022-09-23 15:38:35,63.0128,112.4714,30.9,97,100,10.76,light snow
188,Lavrentiya,RU,2022-09-23 15:38:35,65.5833,-171.0,42.21,84,100,18.75,overcast clouds
189,Haines Junction,CA,2022-09-23 15:38:36,60.7522,-137.5108,35.55,93,100,1.14,overcast clouds
190,Comodoro Rivadavia,AR,2022-09-23 15:35:56,-45.8667,-67.5,55.26,41,0,16.11,clear sky
191,Saskylakh,RU,2022-09-23 15:38:36,71.9167,114.0833,20.41,92,70,3.83,broken clouds
192,San Cristobal,VE,2022-09-23 15:38:37,7.7669,-72.225,78.98,56,96,4.56,overcast clouds
193,Norilsk,RU,2022-09-23 15:38:37,69.3535,88.2027,31.42,91,91,4.43,overcast clouds
194,San Quintin,MX,2022-09-23 15:38:37,30.4833,-115.95,73.65,71,60,5.95,broken clouds
195,Tranas,SE,2022-09-23 15:38:38,58.0372,14.9782,56.39,70,100,5.97,overcast clouds
196,Chiredzi,ZW,2022-09-23 15:38:38,-21.05,31.6667,88.66,24,0,10.18,clear sky
197,Abbeville,FR,2022-09-23 15:34:39,50.1,1.8333,62.56,78,100,2.44,light rain
198,Alofi,NU,2022-09-23 15:38:39,-19.0595,-169.9187,73.29,88,27,8.05,scattered clouds
199,Vila Velha,BR,2022-09-23 15:38:39,-20.3297,-40.2925,80.55,85,40,15.01,scattered clouds
200,Cordoba,AR,2022-09-23 15:38:39,-31.4135,-64.1811,75.76,15,0,12.66,clear sky
201,Vila Franca Do Campo,PT,2022-09-23 15:38:39,37.7167,-25.4333,78.19,84,60,9.55,light rain
202,Ust-Kan,RU,2022-09-23 15:38:40,50.9276,84.761,46.54,84,27,1.59,scattered clouds
203,La Cruz,MX,2022-09-23 15:38:40,23.9167,-106.9,83.25,76,5,2.44,clear sky
204,Pangnirtung,CA,2022-09-23 15:38:41,66.1451,-65.7125,35.6,60,20,3.44,few clouds
205,Ibra,OM,2022-09-23 15:38:41,22.6906,58.5334,92.28,31,84,10.27,broken clouds
206,Charlottetown,CA,2022-09-23 15:35:09,46.2352,-63.1267,55.69,96,100,10.36,light intensity shower rain
207,Chapais,CA,2022-09-23 15:38:41,49.7834,-74.8492,38.98,52,94,9.57,overcast clouds
208,Worthing,GB,2022-09-23 15:38:42,50.8145,-0.3713,65.55,85,75,5.75,broken clouds
209,San Rafael,AR,2022-09-23 15:38:42,-34.6177,-68.3301,68.18,15,75,14.94,broken clouds
210,Meadow Lake,US,2022-09-23 15:38:42,34.8014,-106.5436,74.41,52,17,6.4,few clouds
211,Norman Wells,CA,2022-09-23 15:37:38,65.282,-126.8329,39.24,81,100,20.71,overcast clouds
212,Novoagansk,RU,2022-09-23 15:38:43,61.9449,76.6625,38.64,64,85,7.49,overcast clouds
213,Acarau,BR,2022-09-23 15:37:41,-2.8856,-40.12,89.08,53,40,15.41,scattered clouds
214,Port Hardy,CA,2022-09-23 15:38:43,50.6996,-127.4199,53.78,100,100,3.44,light rain
215,Knysna,ZA,2022-09-23 15:38:43,-34.0363,23.0471,57.83,59,100,5.26,overcast clouds
216,Fort Nelson,CA,2022-09-23 15:38:44,58.8053,-122.7002,38.79,93,40,5.75,scattered clouds
217,Mandera,KE,2022-09-23 15:38:44,3.9366,41.867,90.66,28,91,13.67,overcast clouds
218,Soyo,AO,2022-09-23 15:38:44,-6.1349,12.3689,76.17,80,85,9.55,overcast clouds
219,Ballinrobe,IE,2022-09-23 15:38:45,53.6333,-9.2333,59.11,60,76,11.25,broken clouds
220,Sao Filipe,CV,2022-09-23 15:38:46,14.8961,-24.4956,79.83,79,11,10.67,few clouds
221,Coquimbo,CL,2022-09-23 15:38:24,-29.9533,-71.3436,60.53,63,20,9.22,few clouds
222,Port Augusta,AU,2022-09-23 15:38:46,-32.5,137.7667,52.39,89,26,13.89,scattered clouds
223,Kaitangata,NZ,2022-09-23 15:38:47,-46.2817,169.8464,43.32,96,33,3.78,scattered clouds
224,Zhigansk,RU,2022-09-23 15:38:47,66.7697,123.3711,29.01,81,97,6.78,overcast clouds
225,Port Macquarie,AU,2022-09-23 15:38:48,-31.4333,152.9167,60.89,100,100,0.0,overcast clouds
226,Moletai,LT,2022-09-23 15:38:50,55.2333,25.4167,51.13,63,97,5.41,overcast clouds
227,Ganzhou,CN,2022-09-23 15:38:51,28.8184,115.4327,70.32,66,81,6.44,broken clouds
228,Coihaique,CL,2022-09-23 15:39:52,-45.5752,-72.0662,48.15,43,40,8.05,scattered clouds
229,Coahuayana,MX,2022-09-23 15:39:52,18.7333,-103.6833,84.9,71,23,0.25,few clouds
230,Wattegama,LK,2022-09-23 15:39:53,6.7989,81.4808,80.04,66,13,2.06,few clouds
231,Muhos,FI,2022-09-23 15:39:53,64.808,25.9931,53.38,75,73,5.84,broken clouds
232,Pouembout,NC,2022-09-23 15:39:54,-21.1333,164.9,68.79,91,0,4.76,clear sky
233,Miandrivazo,MG,2022-09-23 15:39:54,-19.5167,45.4667,83.43,49,26,10.8,scattered clouds
234,Tuatapere,NZ,2022-09-23 15:39:54,-46.1333,167.6833,44.76,94,84,1.57,broken clouds
235,Thompson,CA,2022-09-23 15:39:55,55.7435,-97.8558,50.16,81,20,6.91,few clouds
236,Andenes,NO,2022-09-23 15:39:55,69.3143,16.1194,55.38,82,75,3.44,broken clouds
237,Kahului,US,2022-09-23 15:39:55,20.8947,-156.47,77.85,68,0,5.75,clear sky
238,Pisco,PE,2022-09-23 15:39:55,-13.7,-76.2167,60.85,82,100,4.61,mist
239,Luderitz,NA,2022-09-23 15:39:56,-26.6481,15.1594,61.84,69,3,20.07,clear sky
240,Constitucion,CL,2022-09-23 15:39:56,-35.3333,-72.4167,59.05,67,100,13.35,overcast clouds
241,Ahipara,NZ,2022-09-23 15:39:57,-35.1667,173.1667,56.37,87,73,13.8,broken clouds
242,Grindavik,IS,2022-09-23 15:39:57,63.8424,-22.4338,50.47,76,75,10.36,broken clouds
243,Sao Felix Do Xingu,BR,2022-09-23 15:39:57,-6.6447,-51.995,104.36,21,1,2.33,clear sky
244,Praia Da Vitoria,PT,2022-09-23 15:36:00,38.7333,-27.0667,79.05,73,75,21.36,broken clouds
245,Fort-Shevchenko,KZ,2022-09-23 15:39:58,44.5086,50.263,71.76,75,0,11.21,clear sky
246,Osakarovka,KZ,2022-09-23 15:39:58,50.565,72.5692,66.43,45,3,11.72,clear sky
247,Maralal,KE,2022-09-23 15:39:58,1.0968,36.698,69.26,39,46,14.63,scattered clouds
248,Sabha,LY,2022-09-23 15:39:59,27.0377,14.4283,102.22,7,14,12.1,few clouds
249,Kilindoni,TZ,2022-09-23 15:39:59,-7.9139,39.6668,77.32,80,29,14.45,scattered clouds
250,Kavaratti,IN,2022-09-23 15:40:00,10.5669,72.642,81.61,75,88,11.81,overcast clouds
251,Pamekasan,ID,2022-09-23 15:40:00,-7.1568,113.4746,81.68,77,45,6.55,scattered clouds
252,Vuktyl,RU,2022-09-23 15:40:00,63.8567,57.3094,41.79,87,100,4.16,overcast clouds
253,Margate,GB,2022-09-23 15:40:01,51.3813,1.3862,60.31,91,100,1.99,overcast clouds
254,Bobcaygeon,CA,2022-09-23 15:40:01,44.5462,-78.542,51.15,38,6,9.31,clear sky
255,Jacareacanga,BR,2022-09-23 15:40:01,-6.2222,-57.7528,100.94,27,7,3.47,clear sky
256,Willowmore,ZA,2022-09-23 15:40:02,-33.2926,23.4895,56.25,62,99,16.33,overcast clouds
257,Presidencia Roque Saenz Pena,AR,2022-09-23 15:40:02,-26.7852,-60.4388,75.87,17,0,6.38,clear sky
258,Naze,JP,2022-09-23 15:40:02,28.3667,129.4833,77.92,86,57,7.99,broken clouds
259,Ust-Tsilma,RU,2022-09-23 15:40:03,65.441,52.1498,37.15,95,100,5.41,overcast clouds
260,Bahia Blanca,AR,2022-09-23 15:40:03,-38.7196,-62.2724,65.77,40,68,12.66,broken clouds
261,Kloulklubed,PW,2022-09-23 15:40:03,7.0419,134.2556,79.3,75,95,12.66,overcast clouds
262,Quelimane,MZ,2022-09-23 15:40:04,-17.8786,36.8883,80.55,74,0,18.41,clear sky
263,Lasa,IT,2022-09-23 15:40:04,46.6166,10.7002,63.48,65,98,2.48,overcast clouds
264,Kyren,RU,2022-09-23 15:40:04,51.6828,102.1408,49.33,95,100,4.74,overcast clouds
265,Hobyo,SO,2022-09-23 15:40:05,5.3505,48.5268,76.96,83,5,18.77,clear sky
266,Wanning,CN,2022-09-23 15:40:06,18.8003,110.3967,77.74,88,100,8.32,light rain
267,Pangai,TO,2022-09-23 15:40:06,-19.8,-174.35,76.78,80,100,21.47,light rain
268,Fairbanks,US,2022-09-23 15:35:33,64.8378,-147.7164,35.56,92,20,0.0,few clouds
269,Lumphat,KH,2022-09-23 15:40:07,13.4878,106.9816,73.31,98,100,1.14,overcast clouds
270,Beringovskiy,RU,2022-09-23 15:40:07,63.05,179.3167,40.03,93,100,10.96,light rain
271,Aripuana,BR,2022-09-23 15:38:08,-9.1667,-60.6333,94.93,39,97,4.14,overcast clouds
272,Anadyr,RU,2022-09-23 15:40:07,64.75,177.4833,41.5,80,75,17.9,broken clouds
273,Nhulunbuy,AU,2022-09-23 15:40:08,-12.2333,136.7667,74.01,88,79,0.0,broken clouds
274,Vilyuysk,RU,2022-09-23 15:41:08,63.7553,121.6247,31.51,71,98,12.86,overcast clouds
275,Beyneu,KZ,2022-09-23 15:41:08,45.3167,55.2,81.55,13,89,13.71,overcast clouds
276,Hibbing,US,2022-09-23 15:41:09,47.4272,-92.9377,53.56,81,0,5.75,clear sky
277,San Joaquin,US,2022-09-23 15:41:09,37.9333,-121.3011,68.29,71,0,0.0,clear sky
278,Rupert,US,2022-09-23 15:39:20,42.6191,-113.6772,51.75,66,0,9.22,clear sky
279,Mansa,IN,2022-09-23 15:41:09,29.9833,75.3833,73.27,91,100,1.68,overcast clouds
280,Pirovskoye,RU,2022-09-23 15:41:10,57.6267,92.2658,41.86,72,100,8.39,overcast clouds
281,Salinopolis,BR,2022-09-23 15:41:10,-0.6136,-47.3561,85.44,61,1,9.4,clear sky
282,Tilichiki,RU,2022-09-23 15:41:10,60.4667,166.1,34.63,77,6,7.94,clear sky
283,Kirakira,SB,2022-09-23 15:41:11,-10.4544,161.9205,79.54,85,31,4.99,scattered clouds
284,Camacupa,AO,2022-09-23 15:41:11,-12.0167,17.4833,88.23,20,78,4.85,broken clouds
285,Namibe,AO,2022-09-23 15:41:11,-15.1961,12.1522,68.7,63,1,13.04,clear sky
286,Batagay,RU,2022-09-23 15:41:12,67.6333,134.6333,28.71,88,100,2.95,overcast clouds
287,Puerto Ayacucho,VE,2022-09-23 15:41:12,5.6639,-67.6236,88.18,62,19,2.01,few clouds
288,Port-Gentil,GA,2022-09-23 15:41:12,-0.7193,8.7815,82.36,78,75,14.97,broken clouds
289,Maltahohe,NA,2022-09-23 15:41:13,-24.8333,16.9833,80.6,4,0,18.88,clear sky
290,Nelson Bay,AU,2022-09-23 15:41:13,-32.7167,152.15,63.09,94,71,5.99,broken clouds
291,Tucumcari,US,2022-09-23 15:41:13,35.1717,-103.725,75.04,41,0,21.85,clear sky
292,Gewane,ET,2022-09-23 15:41:13,10.1664,40.6453,93.31,28,16,6.85,few clouds
293,Poya,NC,2022-09-23 15:41:14,-21.35,165.15,69.69,87,1,4.68,clear sky
294,Teano,IT,2022-09-23 15:41:14,41.2513,14.0665,71.94,38,4,6.42,clear sky
295,Balykshi,KZ,2022-09-23 15:41:14,47.0667,51.8667,71.6,78,0,8.95,clear sky
296,Bulgan,MN,2022-09-23 15:41:15,48.8125,103.5347,51.75,48,46,4.59,scattered clouds
297,Bara,NG,2022-09-23 15:41:15,10.3744,10.7288,84.54,67,80,6.49,broken clouds
298,Cabra,ES,2022-09-23 15:41:15,37.4725,-4.4421,85.01,28,29,8.99,scattered clouds
299,Dutse,NG,2022-09-23 15:41:16,11.7594,9.3392,92.03,42,83,4.7,broken clouds
300,Anchorage,US,2022-09-23 15:38:37,61.2181,-149.9003,42.94,93,100,3.44,light rain
301,Romodanovo,RU,2022-09-23 15:41:16,54.4275,45.3296,60.85,86,100,7.7,overcast clouds
302,Lusaka,ZM,2022-09-23 15:40:09,-15.4067,28.2871,82.33,21,4,12.26,clear sky
303,Kiruna,SE,2022-09-23 15:41:16,67.8557,20.2251,43.72,93,75,2.3,mist
304,Taonan,CN,2022-09-23 15:41:17,45.3333,122.7833,44.94,89,1,8.88,clear sky
305,Casas Grandes,MX,2022-09-23 15:41:18,30.3667,-107.95,71.44,62,0,4.0,clear sky
306,Polignano A Mare,IT,2022-09-23 15:41:18,40.9959,17.2159,69.93,52,0,11.18,clear sky
307,Aleksandrovskoye,RU,2022-09-23 15:41:18,44.7142,43.0008,59.97,78,81,14.05,broken clouds
308,Carutapera,BR,2022-09-23 15:41:19,-1.195,-46.02,88.84,53,1,9.62,clear sky
309,College,US,2022-09-23 15:41:19,64.8569,-147.8028,35.55,91,75,0.0,broken clouds
310,Nanakuli,US,2022-09-23 15:41:19,21.3906,-158.1547,77.11,81,100,6.91,overcast clouds
311,Madimba,TZ,2022-09-23 15:41:20,-10.4,40.3333,74.57,85,25,7.18,light rain
312,Lagoa,PT,2022-09-23 15:41:20,39.05,-27.9833,72.84,86,92,30.38,light rain
313,Providencia,MX,2022-09-23 15:41:20,28.7167,-111.5833,89.2,71,9,2.3,clear sky
314,Gasa,PS,2022-09-23 15:41:21,31.5,34.4667,83.88,61,0,13.42,clear sky
315,Aksu,CN,2022-09-23 15:41:21,41.1231,80.2644,73.74,26,1,9.15,clear sky
316,Aksarka,RU,2022-09-23 15:41:21,66.5606,67.7975,38.37,69,100,7.31,overcast clouds
317,Dawlatabad,AF,2022-09-23 15:41:21,36.4141,64.9053,75.81,10,0,3.13,clear sky
318,Cururupu,BR,2022-09-23 15:41:22,-1.8283,-44.8683,90.21,49,13,8.01,few clouds
319,Lusambo,CD,2022-09-23 15:42:22,-4.9667,23.45,80.38,59,98,2.01,overcast clouds
320,Muroto,JP,2022-09-23 15:42:22,33.2833,134.15,78.28,85,11,1.3,few clouds
321,Saint-Pierre,RE,2022-09-23 15:38:34,-21.3393,55.4781,73.08,68,20,9.22,few clouds
322,Australind,AU,2022-09-23 15:42:23,-33.2667,115.7167,58.46,76,73,9.66,broken clouds
323,Oranjestad,AW,2022-09-23 15:40:22,12.524,-70.027,84.15,74,20,14.97,few clouds
324,Zasheyek,RU,2022-09-23 15:42:23,67.4066,32.5499,41.95,96,100,7.07,overcast clouds
325,Lively,CA,2022-09-23 15:42:23,46.4334,-81.1498,53.02,60,7,5.91,clear sky
326,Anloga,GH,2022-09-23 15:42:24,5.7947,0.8973,79.65,80,73,12.57,broken clouds
327,Chuy,UY,2022-09-23 15:42:24,-33.6971,-53.4616,61.38,42,6,11.48,clear sky
328,Loikaw,MM,2022-09-23 15:42:25,19.6742,97.2094,67.26,96,69,2.3,broken clouds
329,Cidreira,BR,2022-09-23 15:42:27,-30.1811,-50.2056,59.61,56,60,21.5,broken clouds
330,Linxia,CN,2022-09-23 15:42:27,35.6003,103.2064,51.48,65,21,2.89,few clouds
331,Cap Malheureux,MU,2022-09-23 15:42:27,-19.9842,57.6142,72.46,69,0,8.01,clear sky
332,Rundu,NA,2022-09-23 15:42:28,-17.9333,19.7667,90.68,5,0,2.86,clear sky
333,Gornopravdinsk,RU,2022-09-23 15:42:28,60.05,69.9,46.69,65,100,2.93,overcast clouds
334,Husavik,IS,2022-09-23 15:42:28,66.0449,-17.3389,50.76,54,2,10.2,clear sky
335,Kieta,PG,2022-09-23 15:42:29,-6.2167,155.6333,78.58,85,22,4.36,light rain
336,Kondol,RU,2022-09-23 15:42:30,52.8189,45.058,60.67,79,100,7.87,overcast clouds
337,Nemuro,JP,2022-09-23 15:42:30,43.3236,145.575,64.33,99,100,14.29,overcast clouds
338,San Antonio,US,2022-09-23 15:38:11,29.4241,-98.4936,91.38,47,0,6.91,clear sky
339,Poso,ID,2022-09-23 15:42:31,-1.3959,120.7524,76.15,88,31,3.91,scattered clouds
340,Walvis Bay,NA,2022-09-23 15:42:31,-22.9575,14.5053,61.09,69,2,16.2,clear sky
341,Honolulu,US,2022-09-23 15:39:16,21.3069,-157.8583,76.96,90,75,5.75,light rain
342,Buala,SB,2022-09-23 15:42:31,-8.145,159.5921,80.01,85,29,6.02,light rain
343,Sydney,AU,2022-09-23 15:38:56,-33.8679,151.2073,62.71,89,57,3.0,broken clouds
344,Namatanai,PG,2022-09-23 15:42:32,-3.6667,152.4333,79.74,79,95,8.1,overcast clouds
345,Boralday,KZ,2022-09-23 15:42:32,43.3578,76.8594,66.06,39,40,4.47,scattered clouds
346,Diplo,PK,2022-09-23 15:42:32,24.4667,69.584,82.15,72,31,19.84,scattered clouds
347,Puerto Escondido,MX,2022-09-23 15:42:33,15.85,-97.0667,79.63,69,75,4.61,broken clouds
348,Altay,CN,2022-09-23 15:42:33,47.8667,88.1167,60.33,24,0,5.93,clear sky
349,Belyy Yar,RU,2022-09-23 15:42:33,53.6039,91.3903,49.89,72,62,0.0,broken clouds
350,Boke,GN,2022-09-23 15:42:34,10.9409,-14.2967,82.56,81,93,6.67,moderate rain
351,Champerico,GT,2022-09-23 15:42:35,14.3,-91.9167,81.14,76,63,10.78,broken clouds
352,Iaciara,BR,2022-09-23 15:42:35,-14.0958,-46.6317,79.74,58,85,5.1,overcast clouds
353,Kavieng,PG,2022-09-23 15:42:35,-2.5744,150.7967,81.39,75,73,11.54,broken clouds
354,Meulaboh,ID,2022-09-23 15:42:36,4.1363,96.1285,77.38,87,100,4.5,light rain
355,Conde,BR,2022-09-23 15:42:36,-7.2597,-34.9075,85.46,62,75,12.66,broken clouds
356,Olafsvik,IS,2022-09-23 15:42:37,64.8945,-23.7142,50.43,83,80,13.58,broken clouds
357,Peniche,PT,2022-09-23 15:42:38,39.3558,-9.3811,79.29,73,63,16.6,broken clouds
358,Korla,CN,2022-09-23 15:42:38,41.7597,86.1469,74.55,18,37,4.68,scattered clouds
359,Omboue,GA,2022-09-23 15:42:38,-1.5746,9.2618,78.67,79,100,10.2,overcast clouds
360,Saint-Francois,FR,2022-09-23 15:42:39,46.4154,3.9054,71.04,40,0,2.3,clear sky
361,Kyshtovka,RU,2022-09-23 15:42:39,56.555,76.6271,48.02,56,92,5.59,overcast clouds
362,Toora-Khem,RU,2022-09-23 15:42:39,52.4675,96.11,43.11,92,53,2.55,broken clouds
363,Suntar,RU,2022-09-23 15:42:39,62.1444,117.6319,36.63,97,100,9.04,overcast clouds
364,Talnakh,RU,2022-09-23 15:42:40,69.4865,88.3972,31.21,89,94,4.5,overcast clouds
365,Palmares Do Sul,BR,2022-09-23 15:42:40,-30.2578,-50.5097,59.27,55,38,20.36,scattered clouds
366,Khipro,PK,2022-09-23 15:43:40,25.8285,69.3772,87.17,58,58,15.9,broken clouds
367,Kita,ML,2022-09-23 15:43:41,13.0349,-9.4895,81.73,74,96,3.67,moderate rain
368,Eureka,US,2022-09-23 15:43:41,40.8021,-124.1637,58.19,88,41,1.01,scattered clouds
369,Kalispell,US,2022-09-23 15:43:41,48.1958,-114.3129,51.49,100,100,3.44,fog
370,San Policarpo,PH,2022-09-23 15:43:43,12.1791,125.5072,77.36,90,98,10.49,overcast clouds
371,Whittlesea,ZA,2022-09-23 15:43:43,-32.1759,26.8244,55.74,72,44,13.78,scattered clouds
372,Fethiye,TR,2022-09-23 15:43:43,36.6217,29.1164,73.27,43,58,5.44,broken clouds
373,Yulara,AU,2022-09-23 15:43:45,-25.2406,130.9889,65.5,23,0,5.06,clear sky
374,Sambava,MG,2022-09-23 15:43:45,-14.2667,50.1667,70.43,96,100,12.59,moderate rain
375,Koscian,PL,2022-09-23 15:43:46,52.0883,16.6487,61.14,52,67,5.17,broken clouds
376,Faanui,PF,2022-09-23 15:43:47,-16.4833,-151.75,77.05,77,35,21.97,light rain
377,Kismayo,SO,2022-09-23 15:43:47,-0.3582,42.5454,76.44,82,32,12.77,scattered clouds
378,Harper,LR,2022-09-23 15:43:47,4.375,-7.7169,78.15,83,98,9.1,moderate rain
379,Qaqortoq,GL,2022-09-23 15:43:49,60.7167,-46.0333,46.6,94,100,8.66,moderate rain
380,Touros,BR,2022-09-23 15:43:49,-5.1989,-35.4608,84.9,63,35,14.74,scattered clouds
381,Fortuna,US,2022-09-23 15:43:49,40.5982,-124.1573,57.92,91,43,3.13,scattered clouds
382,Itigi,TZ,2022-09-23 15:43:50,-5.7,34.4833,77.94,32,67,7.67,broken clouds
383,Rudbar,AF,2022-09-23 15:43:50,30.15,62.6,86.04,10,0,11.7,clear sky
384,Souillac,MU,2022-09-23 15:43:50,-20.5167,57.5167,71.98,78,75,17.27,broken clouds
385,Ostersund,SE,2022-09-23 15:43:51,63.1792,14.6357,52.25,100,40,6.91,drizzle
386,Gat,IL,2022-09-23 15:43:51,31.61,34.7642,82.78,100,0,12.24,clear sky
387,Lata,PT,2022-09-23 15:43:52,40.1629,-8.3327,77.92,40,48,10.76,scattered clouds
388,Norfolk,US,2022-09-23 15:43:53,42.1668,-71.2495,58.89,66,20,16.11,few clouds
389,Parthenay,FR,2022-09-23 15:43:53,46.6667,-0.4167,68.95,30,100,6.96,overcast clouds
390,Nacozari,MX,2022-09-23 15:43:53,25.3366,-108.2574,78.12,78,21,3.0,few clouds
391,Padang,ID,2022-09-23 15:43:53,-0.9492,100.3543,77.25,85,48,2.93,scattered clouds
392,Turukhansk,RU,2022-09-23 15:43:54,65.8167,87.9833,33.67,98,89,6.93,overcast clouds
393,Epinal,FR,2022-09-23 15:43:54,48.1833,6.45,65.16,55,100,3.31,overcast clouds
394,Tual,ID,2022-09-23 15:43:54,-5.6667,132.75,82.33,77,60,18.16,broken clouds
395,Lompoc,US,2022-09-23 15:43:55,34.6391,-120.4579,71.85,88,20,4.61,few clouds
396,Cayenne,GF,2022-09-23 15:43:55,4.9333,-52.3333,91.44,55,75,3.44,broken clouds
397,Jinchang,CN,2022-09-23 15:43:55,38.4953,102.1739,58.06,36,100,3.51,overcast clouds
398,Hambantota,LK,2022-09-23 15:43:56,6.1241,81.1185,82.74,74,20,9.22,few clouds
399,Narsaq,GL,2022-09-23 15:43:56,60.9167,-46.05,48.42,95,100,7.78,moderate rain
400,La Palma,US,2022-09-23 15:42:06,33.8464,-118.0467,83.91,72,0,0.0,clear sky
401,Glencoe,ZA,2022-09-23 15:43:57,-28.1783,30.147,68.97,34,0,10.69,clear sky
402,Vytegra,RU,2022-09-23 15:43:57,61.0064,36.4481,46.94,84,96,5.21,overcast clouds
403,Adeje,ES,2022-09-23 15:43:58,28.1227,-16.726,79.9,73,20,25.32,few clouds
404,Hovd,MN,2022-09-23 15:43:58,48.0056,91.6419,55.74,25,0,4.18,clear sky
405,Yarada,IN,2022-09-23 15:43:58,17.65,83.2667,79.12,89,75,6.91,mist
406,Paita,PE,2022-09-23 15:43:59,-5.0892,-81.1144,69.53,67,87,11.36,overcast clouds
407,Alice Springs,AU,2022-09-23 15:43:59,-23.7,133.8833,62.15,31,0,6.91,clear sky
408,Chuguyevka,RU,2022-09-23 15:43:59,44.1653,133.8633,53.82,98,78,4.47,broken clouds
409,Marzuq,YE,2022-09-23 15:43:59,14.4,46.4667,78.67,61,74,10.69,broken clouds
410,Spirit River,CA,2022-09-23 15:44:00,55.7833,-118.8361,50.43,51,95,15.39,overcast clouds
411,Aktash,RU,2022-09-23 15:44:00,50.3,87.7333,40.23,71,47,3.51,scattered clouds
412,Lima,PE,2022-09-23 15:43:41,-12.0432,-77.0282,61.9,80,100,8.05,overcast clouds
413,Katherine,AU,2022-09-23 15:45:01,-14.4667,132.2667,86.32,37,94,11.5,overcast clouds
414,Shira,RU,2022-09-23 15:45:01,54.4911,89.9531,43.3,63,28,4.45,scattered clouds
415,Cabedelo,BR,2022-09-23 15:45:01,-6.9811,-34.8339,86.67,66,50,11.18,scattered clouds
416,Camacha,PT,2022-09-23 15:45:02,33.0833,-16.3333,72.82,69,75,12.66,broken clouds
417,Fernandez,AR,2022-09-23 15:45:02,-27.9204,-63.8935,77.77,13,0,17.09,clear sky
418,Mana,GF,2022-09-23 15:45:02,5.6592,-53.7767,87.49,57,0,7.74,clear sky
419,Otjiwarongo,NA,2022-09-23 15:45:03,-20.4637,16.6477,85.06,9,0,11.9,clear sky
420,Ferme-Neuve,CA,2022-09-23 15:45:03,46.7001,-75.4493,44.55,55,74,11.92,broken clouds
421,Inongo,CD,2022-09-23 15:45:04,-1.95,18.2667,74.7,77,92,3.29,light rain
422,Jasper,US,2022-09-23 15:45:04,37.2001,-94.3502,73.11,52,100,12.66,overcast clouds
423,Pinawa,CA,2022-09-23 15:45:05,50.1489,-95.8811,47.86,82,100,8.99,overcast clouds
424,Poum,NC,2022-09-23 15:45:06,-20.2333,164.0167,74.86,76,9,10.8,clear sky
425,Zeya,RU,2022-09-23 15:45:06,53.75,127.2667,40.24,94,5,2.53,clear sky
426,Amahai,ID,2022-09-23 15:45:07,-3.3333,128.9167,77.56,87,53,2.89,broken clouds
427,Iralaya,HN,2022-09-23 15:45:07,15.0,-83.2333,83.3,78,55,7.07,broken clouds
428,Prince Rupert,CA,2022-09-23 15:45:08,54.3161,-130.3201,51.49,87,100,28.77,light rain
429,Hasaki,JP,2022-09-23 15:45:08,35.7333,140.8333,80.22,86,100,19.24,overcast clouds
430,Tukrah,LY,2022-09-23 15:45:09,32.5341,20.5791,75.45,74,35,26.8,scattered clouds
431,Ciudad Bolivar,VE,2022-09-23 15:45:09,8.1222,-63.5497,90.12,54,87,6.78,overcast clouds
432,Hualmay,PE,2022-09-23 15:45:09,-11.0964,-77.6139,64.89,72,68,9.37,broken clouds
433,Mao,ES,2022-09-23 15:43:58,39.8885,4.2658,77.56,44,0,10.36,clear sky
434,Saint-Paul,RE,2022-09-23 15:45:10,-21.0096,55.2707,73.51,80,44,4.05,light rain
435,Neuquen,AR,2022-09-23 15:41:56,-38.9516,-68.0591,57.09,72,99,2.3,overcast clouds
436,Shimoda,JP,2022-09-23 15:45:10,34.6667,138.95,74.1,94,100,14.65,overcast clouds
437,Voyvozh,RU,2022-09-23 15:45:11,62.892,54.9635,39.38,82,100,4.21,overcast clouds
438,Broken Hill,AU,2022-09-23 15:45:11,-31.95,141.4333,53.49,84,17,12.71,few clouds
439,Nagorsk,RU,2022-09-23 15:45:12,59.3172,50.8078,51.93,91,100,10.76,overcast clouds
440,Axim,GH,2022-09-23 15:45:14,4.8699,-2.2405,79.29,78,93,10.18,overcast clouds
441,Farafenni,GM,2022-09-23 15:45:14,13.5667,-15.6,85.59,74,55,9.01,moderate rain
442,Vanimo,PG,2022-09-23 15:45:14,-2.6741,141.3028,78.57,87,100,5.59,moderate rain
443,Qiongshan,CN,2022-09-23 15:45:15,20.0058,110.3542,75.18,100,88,0.0,overcast clouds
444,Sistranda,NO,2022-09-23 15:45:15,63.7256,8.834,53.56,82,100,9.84,overcast clouds
445,Karasburg,NA,2022-09-23 15:45:15,-28.0167,18.75,77.5,7,0,4.0,clear sky
446,Arvika,SE,2022-09-23 15:45:16,59.6553,12.5852,54.21,95,100,4.16,light rain
447,Sibolga,ID,2022-09-23 15:45:16,1.7427,98.7792,75.67,90,30,2.82,moderate rain
448,Ivankiv,UA,2022-09-23 15:45:16,50.9386,29.8943,47.98,89,99,6.06,overcast clouds
449,Dorado,PR,2022-09-23 15:45:17,18.4588,-66.2677,92.17,66,75,11.5,broken clouds
450,Oakdale,US,2022-09-23 15:45:17,44.963,-92.9649,55.96,75,100,9.22,light rain
451,Mumbwa,ZM,2022-09-23 15:45:17,-14.9783,27.0619,85.12,18,1,6.4,clear sky
452,Deputatskiy,RU,2022-09-23 15:45:18,69.3,139.9,14.05,97,87,2.93,overcast clouds
453,Ceres,US,2022-09-23 15:45:18,37.5949,-120.9577,67.05,77,0,0.0,clear sky
454,Campbell River,CA,2022-09-23 15:41:05,50.0163,-125.2446,60.46,100,100,2.3,overcast clouds
455,Povenets,RU,2022-09-23 15:45:18,62.8487,34.8262,48.6,66,53,2.59,broken clouds
456,Oranjemund,NA,2022-09-23 15:45:19,-28.55,16.4333,58.17,74,42,17.83,scattered clouds
457,Bairiki,KI,2022-09-23 15:45:19,1.3292,172.9752,80.6,78,20,6.91,few clouds
458,Dubbo,AU,2022-09-23 15:45:19,-32.25,148.6167,57.33,94,100,0.0,overcast clouds
459,Big Spring,US,2022-09-23 15:45:20,32.2504,-101.4787,80.11,42,0,8.05,clear sky
460,La Ronge,CA,2022-09-23 15:45:09,55.1001,-105.2842,50.25,76,40,8.05,scattered clouds
461,Banda Aceh,ID,2022-09-23 15:46:20,5.5577,95.3222,79.05,81,100,7.54,overcast clouds
462,Russell,US,2022-09-23 15:45:06,32.3502,-85.1999,76.96,46,0,12.66,clear sky
463,Kaya,BF,2022-09-23 15:46:21,13.0917,-1.0844,92.62,42,15,2.35,few clouds
464,Kuybyshevo,RU,2022-09-23 15:46:21,47.8123,38.9073,52.48,79,83,8.23,broken clouds
465,Pacific Grove,US,2022-09-23 15:46:22,36.6177,-121.9166,66.42,86,0,8.01,clear sky
466,Stadtallendorf,DE,2022-09-23 15:46:22,50.8333,9.0167,64.69,60,100,2.84,overcast clouds
467,Ketchikan,US,2022-09-23 15:46:23,55.3422,-131.6461,52.27,87,100,14.97,moderate rain
468,Algiers,DZ,2022-09-23 15:41:37,36.7525,3.042,76.82,65,20,11.5,few clouds
469,Harwich,GB,2022-09-23 15:45:24,51.9419,1.2844,64.53,78,99,5.99,overcast clouds
470,Chazuta,PE,2022-09-23 15:46:27,-6.5742,-76.1367,90.45,51,26,0.94,scattered clouds
471,Atuntaqui,EC,2022-09-23 15:46:27,0.3333,-78.2167,69.46,46,55,6.04,broken clouds
472,Fez,MA,2022-09-23 15:45:22,34.0372,-4.9998,91.65,25,20,5.75,few clouds
473,Balurghat,IN,2022-09-23 15:46:28,25.2167,88.7667,81.25,81,97,6.02,overcast clouds
474,Pandan,PH,2022-09-23 15:46:28,14.0453,124.1694,79.03,87,100,8.25,overcast clouds
475,Port Blair,IN,2022-09-23 15:46:29,11.6667,92.75,80.64,89,75,1.14,mist
476,Atar,MR,2022-09-23 15:46:29,20.5169,-13.0499,100.98,26,18,17.81,few clouds
477,Townsville,AU,2022-09-23 15:46:29,-19.25,146.8,70.68,94,11,0.0,few clouds
478,Christchurch,NZ,2022-09-23 15:46:30,-43.5333,172.6333,49.95,87,100,1.14,overcast clouds
479,Parry Sound,CA,2022-09-23 15:45:47,45.3501,-80.033,50.05,53,2,7.67,clear sky
480,Nalut,LY,2022-09-23 15:46:30,30.3333,10.85,86.7,29,33,15.52,scattered clouds
481,Kasongo-Lunda,CD,2022-09-23 15:46:31,-6.4667,16.8167,78.69,71,49,4.23,light rain
482,Podor,MR,2022-09-23 15:46:31,16.6527,-14.9587,91.35,62,40,2.3,scattered clouds
483,Valparaiso,CL,2022-09-23 15:46:31,-33.0393,-71.6273,66.43,79,0,9.22,clear sky
484,Luau,AO,2022-09-23 15:46:32,-10.7073,22.2247,87.08,26,90,4.14,overcast clouds
485,Veraval,IN,2022-09-23 15:46:32,20.9,70.3667,79.63,80,62,4.63,broken clouds
486,Manzhouli,CN,2022-09-23 15:46:33,49.6,117.4333,47.1,62,59,4.99,broken clouds
487,Ancud,CL,2022-09-23 15:46:33,-41.8697,-73.8203,49.23,66,14,2.59,few clouds
488,Bilibino,RU,2022-09-23 15:46:33,68.0546,166.4372,32.38,86,83,5.61,broken clouds
489,Uinskoye,RU,2022-09-23 15:46:34,56.8817,56.5813,62.06,51,100,4.56,overcast clouds
490,Kadhan,PK,2022-09-23 15:46:34,24.481,68.9859,83.37,66,2,16.55,clear sky
491,Usinsk,RU,2022-09-23 15:46:35,65.9939,57.5281,35.17,73,27,6.58,scattered clouds
492,Labuhan,ID,2022-09-23 15:46:35,-6.8844,112.2051,80.44,81,13,7.18,few clouds
493,Galich,RU,2022-09-23 15:46:35,58.3797,42.3475,49.48,86,100,7.4,overcast clouds
494,Porto Novo,BJ,2022-09-23 15:46:35,6.4965,2.6036,81.03,74,100,8.32,overcast clouds
495,La Tuque,CA,2022-09-23 15:46:36,47.4334,-72.7824,44.85,65,100,12.66,overcast clouds
496,Kolondieba,ML,2022-09-23 15:46:36,11.0882,-6.8926,86.86,59,77,3.09,broken clouds
497,Dukat,RU,2022-09-23 15:46:36,62.55,155.55,24.44,95,95,4.68,overcast clouds
498,Puerto Leguizamo,CO,2022-09-23 15:46:37,-0.1934,-74.7819,91.92,47,78,2.89,broken clouds
499,Davidson,US,2022-09-23 15:46:37,36.1501,-86.7833,70.39,45,40,12.66,scattered clouds
500,Coolum Beach,AU,2022-09-23 15:46:39,-26.5333,153.1,61.11,95,0,4.45,clear sky
501,Mehamn,NO,2022-09-23 15:46:39,71.0357,27.8492,49.95,81,75,20.71,broken clouds
502,Dunedin,NZ,2022-09-23 15:46:39,-45.8742,170.5036,46.8,88,6,4.0,clear sky
503,Amvrosiyivka,UA,2022-09-23 15:46:40,47.7935,38.4777,51.22,79,66,4.38,broken clouds
504,Sri Aman,MY,2022-09-23 15:47:40,1.2376,111.4621,75.25,94,100,0.0,overcast clouds
505,Baraboo,US,2022-09-23 15:47:40,43.4711,-89.7443,61.0,67,46,3.0,scattered clouds
506,San Patricio,US,2022-09-23 15:47:41,28.017,-97.5169,87.91,51,0,8.5,clear sky
507,Okitipupa,NG,2022-09-23 15:47:41,6.5047,4.7839,81.09,77,96,5.55,light rain
508,Tura,IN,2022-09-23 15:47:41,25.5198,90.2201,74.14,89,99,3.96,overcast clouds
509,Karasjok,NO,2022-09-23 15:47:42,69.4719,25.5112,47.39,82,100,7.81,overcast clouds
510,Bryan,US,2022-09-23 15:42:46,30.6744,-96.37,89.82,50,0,3.44,clear sky
511,Mitchell,US,2022-09-23 15:43:59,43.7094,-98.0298,55.74,76,100,13.8,overcast clouds
512,Stornoway,GB,2022-09-23 15:47:42,58.2093,-6.3865,55.36,78,40,11.5,scattered clouds
513,Port Hedland,AU,2022-09-23 15:47:43,-20.3167,118.5667,75.25,69,0,10.36,clear sky
514,Nova Olinda Do Norte,BR,2022-09-23 15:47:44,-3.8881,-59.0942,101.77,25,14,5.32,few clouds
515,Livingstonia,MW,2022-09-23 15:47:44,-10.606,34.1063,68.9,53,42,5.93,scattered clouds
516,Santa Vitoria Do Palmar,BR,2022-09-23 15:47:45,-33.5189,-53.3681,61.88,42,4,10.67,clear sky
517,Klaksvik,FO,2022-09-23 15:47:46,62.2266,-6.589,52.72,79,15,13.58,few clouds
518,Pangody,RU,2022-09-23 15:47:46,65.85,74.4859,36.32,96,100,8.16,overcast clouds
519,Kolokani,ML,2022-09-23 15:47:47,13.5728,-8.0339,77.22,75,98,5.08,overcast clouds
520,Samarai,PG,2022-09-23 15:47:47,-10.6167,150.6667,79.41,82,83,8.16,light rain
521,Arlit,NE,2022-09-23 15:47:47,18.7369,7.3853,104.11,10,73,3.91,broken clouds
522,Broome,US,2022-09-23 15:47:48,42.2506,-75.833,52.02,65,75,16.11,broken clouds
523,Wad Rawah,SD,2022-09-23 15:47:48,15.1603,33.1397,97.86,24,44,10.67,scattered clouds
524,Rostock,DE,2022-09-23 15:47:48,54.0887,12.1405,63.01,61,98,6.06,overcast clouds
525,Iskilip,TR,2022-09-23 15:47:50,40.7353,34.4739,59.58,38,59,5.08,broken clouds
526,Basse,DE,2022-09-23 15:47:50,52.5518,9.5069,67.33,53,100,4.61,overcast clouds
527,Ust-Abakan,RU,2022-09-23 15:47:50,53.8525,91.3742,49.91,62,82,0.0,broken clouds
528,Basco,PH,2022-09-23 15:47:51,20.4487,121.9702,81.21,77,57,24.61,broken clouds
529,Caraballeda,VE,2022-09-23 15:47:51,10.6112,-66.8522,93.87,53,62,3.44,broken clouds
530,Flin Flon,CA,2022-09-23 15:44:45,54.7682,-101.865,53.44,66,40,9.22,scattered clouds
531,Yatou,CN,2022-09-23 15:47:51,37.15,122.3833,55.69,65,1,6.96,clear sky
532,Asyut,EG,2022-09-23 15:47:53,27.181,31.1837,102.38,17,0,9.08,clear sky
533,Nuuk,GL,2022-09-23 15:47:53,64.1835,-51.7216,48.81,100,100,57.53,moderate rain
534,Winnenden,DE,2022-09-23 15:47:53,48.8756,9.3982,66.34,59,97,3.0,overcast clouds
535,Sur,OM,2022-09-23 15:47:54,22.5667,59.5289,86.02,62,68,7.2,broken clouds
536,Verkhnevilyuysk,RU,2022-09-23 15:47:54,63.4453,120.3167,31.82,81,100,11.72,overcast clouds
537,Tevaitoa,PF,2022-09-23 15:47:54,-16.7833,-151.5,76.93,77,25,22.82,light rain
538,Mazara Del Vallo,IT,2022-09-23 15:47:54,37.6641,12.588,80.55,42,0,9.08,clear sky
539,Bandar-E Lengeh,IR,2022-09-23 15:47:55,26.5579,54.8807,91.51,70,0,11.5,haze
540,Burgeo,CA,2022-09-23 15:47:55,47.6167,-57.6152,62.26,97,97,22.1,overcast clouds
541,Colchester,GB,2022-09-23 15:47:55,51.8892,0.9042,65.61,75,100,11.7,overcast clouds
542,Preobrazheniye,RU,2022-09-23 15:47:56,42.9019,133.9064,58.51,83,97,13.42,overcast clouds
543,Qasigiannguit,GL,2022-09-23 15:47:56,68.8193,-51.1922,34.05,100,100,6.33,snow
544,Luanda,AO,2022-09-23 15:44:27,-8.8368,13.2343,73.81,80,7,16.96,clear sky
545,Sakakah,SA,2022-09-23 15:47:57,29.9697,40.2064,92.77,17,0,5.46,clear sky
546,Salalah,OM,2022-09-23 15:47:57,17.0151,54.0924,80.69,89,75,9.22,broken clouds
547,Ugoofaaru,MV,2022-09-23 15:47:57,5.6667,73.0,82.83,69,11,8.32,few clouds
548,Grand Island,US,2022-09-23 15:42:58,40.925,-98.342,58.78,76,100,17.27,overcast clouds
549,Toila,EE,2022-09-23 15:47:57,59.4236,27.5025,50.05,70,62,5.5,broken clouds
550,Silver City,US,2022-09-23 15:48:58,32.7701,-108.2803,76.68,60,100,10.36,overcast clouds
551,Sorong,ID,2022-09-23 15:48:58,-0.8833,131.25,78.48,89,100,8.34,overcast clouds
552,Manado,ID,2022-09-23 15:48:58,1.487,124.8455,75.97,100,40,2.3,scattered clouds
553,Langelsheim,DE,2022-09-23 15:48:59,51.9333,10.3333,63.72,51,100,3.67,overcast clouds
554,Sungairaya,ID,2022-09-23 15:48:59,0.7,108.9,75.97,85,93,3.49,light rain
555,Chitungwiza,ZW,2022-09-23 15:49:00,-18.0127,31.0756,80.74,21,84,9.26,broken clouds
556,Berwick,US,2022-09-23 15:45:59,41.0545,-76.2333,57.72,57,5,13.53,clear sky
557,Huilong,CN,2022-09-23 15:49:00,31.8111,121.655,67.93,63,74,12.19,broken clouds
558,Ngunguru,NZ,2022-09-23 15:49:00,-35.6167,174.5,52.39,90,29,7.56,scattered clouds
559,Jeremie,HT,2022-09-23 15:49:01,18.65,-74.1167,86.36,67,18,6.4,few clouds
